{
	"easycom": {
		"^u-(.*)": "uview-ui/components/u-$1/u-$1.vue"
	},
	"pages": [ //pages数组中第一项表示应用启动页，参考：https://uniapp.dcloud.io/collocation/pages
		{
			"path": "pages/login/index",
			"style": {
				"navigationBarTitleText": "",
				"enablePullDownRefresh": false
			}

		},
		{
			"path": "pages/index/index",
			"style": {
				"navigationBarTitleText": "快递送货"
			}
		}
	    ,{
            "path" : "pages/oderinfo/oderinfo",
            "style" :                                                                                    
            {
                "navigationBarTitleText": "",
                "enablePullDownRefresh": false
            }
            
        }
    ],
	"globalStyle": {
		"navigationBarTextStyle": "black",
		"navigationBarTitleText": "快递送货",
		"navigationBarBackgroundColor": "#F8F8F8",
		"backgroundColor": "#F8F8F8"
	}
}
