{	"easycom": {
			"^u-(.*)": "uview-ui/components/u-$1/u-$1.vue"
		},
	"pages": [ //pages数组中第一项表示应用启动页，参考：https://uniapp.dcloud.io/collocation/pages
	
		{
			"path": "pages/index/index",
			"style": {
				"navigationBarTitleText": "快递代取"
			}
		}
	    ,{
            "path" : "pages/kuaid/kuaid",
            "style" :                                                                                    
            {
                "navigationBarTitleText": "",
                "enablePullDownRefresh": false
            }
            
        }
    ],
	"globalStyle": {
		"navigationBarTextStyle": "black",
		"navigationBarTitleText": "快递代取",
		"navigationBarBackgroundColor": "#F8F8F8",
		"backgroundColor": "#F8F8F8"
	}
}
